Iteration	x0	x1
  1	 2.000000	 1.545455
  2	 1.545455	 1.359615
  3	 1.359615	 1.325801
  4	 1.325801	 1.324719
  5	 1.324719	 1.324718
  6	 1.324718	 1.324718
